<?xml version="1.0" encoding="UTF-8"?>
<!DOCTYPE mapper PUBLIC "-//mybatis.org//DTD Mapper 3.0//EN" "http://mybatis.org/dtd/mybatis-3-mapper.dtd">
<mapper namespace="com.example.mapper.BoardMapper">
	<select id="list" resultType="com.example.domain.BoardVO">
		select * from tbl_board
		order by id desc
		limit #{pageStart}, #{perPageNum}
	</select>
	<insert id="insert">
		insert into tbl_board(b_category, title, b_writer, b_content, b_image)
		values(#{b_category}, #{title}, #{b_writer}, #{b_content}, #{b_image})
	</insert>
	<update id="update">
		update tbl_board set b_category = #{b_category}, title = #{title}, b_content = #{b_content}, b_image = #{b_image}
		where id = #{id}
	</update>
	<select id="read" resultType="com.example.domain.BoardVO">
		select * from tbl_board
		where id = #{id}
	</select>
	<delete id="delete">
		delete from tbl_board
		where id = #{id}
	</delete>
	<insert id = "addAttach">
		insert into tbl_attach(id, fullName)
		values(last_insert_id(), #{fullName})
	</insert>
	<select id="getAttach" resultType = "string">
		select fullName from tbl_attach
		where id = #{id}
	</select>
	<insert id="replaceAttach">
		insert into tbl_attach(id, fullname)
		values(#{id}, #{fullName})
	</insert>
	<delete id="deleteAttach">
		delete from tbl_Attach
		where id = #{id}
	</delete>
	<update id="attachcount">
		update tbl_board
		set attachcount = (select count(*) from tbl_attach where tbl_attach.id = #{id})
		where id = #{id};
	</update>
	<update id="newattachcount">
		update tbl_board
		set attachcount = (select count(*) from tbl_attach where tbl_attach.id = last_insert_id())
		where id = last_insert_id();
	</update>
</mapper>