<?xml version="1.0" encoding="UTF-8"?>
<!DOCTYPE mapper PUBLIC "-//mybatis.org//DTD Mapper 3.0//EN" "http://mybatis.org/dtd/mybatis-3-mapper.dtd">
<mapper namespace="com.example.mapper.ReplyMapper">
	<select id="list" resultType="com.example.domain.ReplyVO">
		select * from tbl_board_reply
		where b_id = #{b_id}
		order by b_reply_id desc
		limit #{cri.pageStart}, #{cri.perPageNum}
	</select>
	<select id="totalCount" resultType="int">
		select count(*) from tbl_board_reply
		where bno = #{bno}
	</select>
	<insert id="insert">
		insert into tbl_board_reply(id, b_reply_writer, b_reply_content)
		values(#{id}, #{b_reply_writer}, #{b_reply_content})
	</insert>
	<update id="update">
		update tbl_board_reply set b_reply_content = #{b_reply_content}
		where b_reply_id = #{b_reply_id}
	</update>
	<delete id="delete">
		delete from tbl_board_reply
		where b_reply_id = #{b_reply_id}
	</delete>
</mapper>