<?xml version="1.0" encoding="UTF-8"?>
<!DOCTYPE mapper PUBLIC "-//mybatis.org//DTD Mapper 3.0//EN" "http://mybatis.org/dtd/mybatis-3-mapper.dtd">
<mapper namespace="com.example.mapper.BoardMapper">
	<!-- 20211027 유민형 -->
	<select id="list" resultType="com.example.domain.BoardVO">
		select * from tbl_board
		order by id desc
		limit #{pageStart}, #{perPageNum}
	</select>
	<insert id="insert">
		insert into tbl_board(b_category, title, b_writer, b_content, b_image)
		values(#{b_category}, #{title}, #{b_writer}, #{b_content}, #{b_image})
	</insert>
	<update id="update">
		update tbl_board set b_category = #{b_category}, title = #{title}, b_content = #{b_content}, b_image = #{b_image}
		where id = #{id}
	</update>
	<select id="read" resultType="com.example.domain.BoardVO">
		select * from tbl_board
		where id = #{id}
	</select>
	<delete id="delete">
		delete from tbl_board
		where id = #{id}
	</delete>
</mapper>